Type,SKU,Name,Published,Is featured?,Visibility in catalog,Short description,Description,In stock?,Regular price,Categories
simple,PT-001,Coque silicone souple,1,1,visible,"Coque en silicone doux, protection contre les chocs et les rayures.","Cette coque en silicone offre une prise en main agréable et une protection au quotidien. Finition mate anti-traces de doigts, bords surélevés pour protéger l'écran et l'appareil photo. Plusieurs coloris disponibles.",1,25,Coques
simple,PT-002,Coque transparente antichoc,1,0,visible,"Coque transparente renforcée aux angles, qui laisse voir la couleur de votre téléphone.",Coque transparente en TPU avec coins renforcés par coussins d'air pour absorber les chocs. Ne jaunit pas avec le temps et reste fine et légère. Compatible avec la recharge sans fil.,1,30,Coques
simple,PT-003,Coque portefeuille en cuir,1,0,visible,Étui à rabat avec emplacements pour cartes et fonction support.,"Étui en similicuir avec rabat magnétique, trois emplacements pour cartes et une poche pour billets. Le rabat se transforme en support pour regarder des vidéos. Protège l'écran en toutes circonstances.",1,45,Coques
simple,PT-004,Chargeur rapide 20W USB-C,1,1,visible,"Chargeur secteur compact à charge rapide, compatible smartphones et tablettes.",Chargeur mural 20W avec port USB-C Power Delivery. Recharge un smartphone jusqu'à 50 % en 30 minutes environ. Protections contre la surchauffe et la surtension intégrées.,1,55,Chargeurs
simple,PT-005,Câble USB-C tressé 1 m,1,0,visible,"Câble en nylon tressé, résistant aux pliures et aux torsions.","Câble USB-C vers USB-C de 1 mètre, avec gaine en nylon tressé et connecteurs renforcés. Supporte la charge rapide jusqu'à 60W et le transfert de données. Testé pour plus de 10 000 pliages.",1,20,Chargeurs
simple,PT-006,Chargeur sans fil 15W,1,0,visible,"Station de charge à induction compatible Qi, pour une recharge sans câble.","Socle de recharge sans fil Qi jusqu'à 15W, avec voyant LED discret et surface antidérapante. Compatible avec la plupart des smartphones récents, même avec une coque fine. Détection automatique d'objets étrangers.",1,70,Chargeurs
simple,PT-007,Écouteurs Bluetooth sans fil,1,1,visible,Écouteurs intra-auriculaires avec boîtier de charge et autonomie de 20 heures.,"Écouteurs True Wireless avec Bluetooth 5.3, son clair et basses précises. 5 heures d'écoute par charge, 20 heures avec le boîtier. Commandes tactiles et micro intégré pour les appels.",1,120,Écouteurs
simple,PT-008,"Écouteurs filaires jack 3,5 mm",1,0,visible,"Écouteurs filaires avec micro et télécommande, simples et fiables.","Écouteurs intra-auriculaires avec câble de 1,2 m, micro intégré et bouton de réponse aux appels. Embouts en silicone de trois tailles fournis. Compatibles avec la majorité des smartphones, tablettes et ordinateurs.",1,15,Écouteurs
simple,PT-009,Casque Bluetooth pliable,1,0,visible,"Casque supra-auriculaire sans fil avec coussinets souples, autonomie 30 heures.",Casque Bluetooth pliable avec arceau réglable et coussinets en mousse à mémoire de forme. Jusqu'à 30 heures d'autonomie et mode filaire de secours via câble jack. Idéal pour les trajets et le travail.,1,150,Écouteurs
simple,PT-010,Power bank 10 000 mAh,1,1,visible,"Batterie externe compacte avec deux ports de sortie, pour 2 à 3 recharges.","Power bank de 10 000 mAh avec port USB-C et port USB-A, charge rapide 18W. Indicateur LED du niveau de batterie. Format poche, léger et facile à emporter partout.",1,65,Power banks
simple,PT-011,Power bank 20 000 mAh charge rapide,1,0,visible,"Grande capacité pour plusieurs recharges, avec affichage numérique du niveau.","Batterie externe 20 000 mAh avec sortie USB-C Power Delivery 22,5W et deux ports USB-A. Écran numérique indiquant le pourcentage restant. Permet de recharger un smartphone jusqu'à 4 fois.",1,110,Power banks
simple,PT-012,Support voiture magnétique,1,0,visible,"Support de téléphone pour grille d'aération, fixation magnétique à une main.",Support auto avec clip pour grille d'aération et aimants puissants. Rotation à 360° pour passer du mode portrait au mode paysage. Compatible avec tous les smartphones grâce à la plaque métallique fournie.,1,35,Supports
simple,PT-013,Support de bureau réglable,1,0,visible,"Support pliable en aluminium pour téléphone et tablette, angle ajustable.","Support de bureau en aluminium, pliable et inclinable pour trouver le bon angle de vue. Base antidérapante, passage de câble pour la recharge. Parfait pour le télétravail, les appels vidéo et les films.",1,40,Supports
